level_0_halogen_cleared.webm	0	0.04	1	hold	1
level_0_halogen_cleared.webm	0.04	0.2	1	motion	4
level_0_halogen_cleared.webm	0.2	0.32	1	hold	3
level_0_halogen_cleared.webm	0.32	0.44	1	motion	3
level_0_halogen_cleared.webm	2.92	3.4	1	hold	12
level_0_halogen_cleared.webm	3.4	3.48	1	motion	2
level_0_halogen_cleared.webm	4.64	5.12	1	hold	12
level_0_halogen_cleared.webm	5.12	5.2	1	motion	2
level_0_halogen_cleared.webm	6.24	6.72	1	hold	12
level_0_halogen_cleared.webm	6.72	6.8	1	motion	2
level_0_halogen_cleared.webm	9.52	10	1	hold	12
level_0_halogen_cleared.webm	10	10.08	1	motion	2
level_0_halogen_cleared.webm	10.08	10.24	1	hold	4
level_0_halogen_cleared.webm	10.24	10.32	1	motion	2
level_0_halogen_cleared.webm	12.8	13.28	1	hold	12
level_0_halogen_cleared.webm	13.28	13.36	1	motion	2
level_0_halogen_cleared.webm	14.88	15.36	1	hold	12
level_0_halogen_cleared.webm	15.36	15.44	1	motion	2
level_0_halogen_cleared.webm	16.08	16.56	1	hold	12
level_0_halogen_cleared.webm	16.56	16.6	1	motion	1
level_0_halogen_cleared.webm	19.28	19.76	1	hold	12
level_0_halogen_cleared.webm	19.76	19.84	1	motion	2
level_0_halogen_cleared.webm	20	20.48	1	hold	12
level_0_halogen_cleared.webm	20.48	20.56	1	motion	2
level_0_halogen_cleared.webm	22.4	22.88	1	hold	12
level_0_halogen_cleared.webm	22.88	23	1	motion	3
level_0_halogen_cleared.webm	25.12	25.6	1	hold	12
level_0_halogen_cleared.webm	25.6	25.68	1	motion	2
level_0_halogen_cleared.webm	25.68	26	1	hold	8
level_0_halogen_cleared.webm	26	26.08	1	motion	2
level_0_halogen_cleared.webm	28.8	29.28	1	hold	12
level_0_halogen_cleared.webm	29.28	29.32	1	motion	1
level_0_halogen_cleared.webm	32.08	32.56	1	hold	12
level_0_halogen_cleared.webm	32.56	32.68	1	motion	3
level_0_halogen_cleared.webm	35.36	35.84	1	hold	12
level_0_halogen_cleared.webm	35.84	35.88	1	motion	1
level_0_halogen_cleared.webm	38.52	39	1	hold	12
level_0_halogen_cleared.webm	39	39.08	1	motion	2
level_0_halogen_cleared.webm	41.76	42.24	1	hold	12
level_0_halogen_cleared.webm	42.24	42.32	1	motion	2
level_0_halogen_cleared.webm	44.96	45.44	1	hold	12
level_0_halogen_cleared.webm	45.44	45.48	1	motion	1
level_0_halogen_cleared.webm	46.56	47.04	1	hold	12
level_0_halogen_cleared.webm	47.04	47.12	1	motion	2
level_0_halogen_cleared.webm	48.2	48.68	1	hold	12
level_0_halogen_cleared.webm	48.68	48.76	1	motion	2
level_0_halogen_cleared.webm	49.88	50.36	1	hold	12
level_0_halogen_cleared.webm	50.36	50.44	1	motion	2
level_0_halogen_cleared.webm	51.56	52.04	1	hold	12
level_0_halogen_cleared.webm	52.04	52.12	1	motion	2
level_0_halogen_cleared.webm	53.24	53.72	1	hold	12
level_0_halogen_cleared.webm	53.72	53.84	1	motion	3
level_0_halogen_cleared.webm	54.96	55.44	1	hold	12
level_0_halogen_cleared.webm	55.44	55.52	1	motion	2
level_0_halogen_cleared.webm	56.64	57.12	1	hold	12
level_0_halogen_cleared.webm	57.12	57.2	1	motion	2
level_0_halogen_cleared.webm	58.24	58.72	1	hold	12
level_0_halogen_cleared.webm	58.72	58.84	1	motion	3
level_0_halogen_cleared.webm	60.04	60.52	1	hold	12
level_0_halogen_cleared.webm	60.52	60.56	1	motion	1
level_0_halogen_cleared.webm	61.88	62.36	1	hold	12
level_0_halogen_cleared.webm	62.36	62.4	1	motion	1
level_0_halogen_cleared.webm	63.68	64.16	1	hold	12
level_0_halogen_cleared.webm	64.16	64.2	1	motion	1
level_0_halogen_cleared.webm	65.32	65.8	1	hold	12
level_0_halogen_cleared.webm	65.8	65.84	1	motion	1
level_0_halogen_cleared.webm	67.32	67.8	1	hold	12
level_1_halogen_cleared.webm	0	0.04	1	hold	1
level_1_halogen_cleared.webm	0.04	0.12	1	motion	2
level_1_halogen_cleared.webm	0.12	0.4	1	hold	7
level_1_halogen_cleared.webm	0.4	0.44	1	motion	1
level_1_halogen_cleared.webm	2.92	3.4	1	hold	12
level_1_halogen_cleared.webm	3.4	3.48	1	motion	2
level_1_halogen_cleared.webm	4.64	5.12	1	hold	12
level_1_halogen_cleared.webm	5.12	5.2	1	motion	2
level_1_halogen_cleared.webm	6.2	6.68	1	hold	12
level_1_halogen_cleared.webm	6.68	6.76	1	motion	2
level_1_halogen_cleared.webm	9.56	10.04	1	hold	12
level_1_halogen_cleared.webm	10.04	10.32	1	motion	7
level_1_halogen_cleared.webm	12.84	13.32	1	hold	12
level_1_halogen_cleared.webm	13.32	13.4	1	motion	2
level_1_halogen_cleared.webm	14.88	15.36	1	hold	12
level_1_halogen_cleared.webm	15.36	15.44	1	motion	2
level_1_halogen_cleared.webm	16.68	17.16	1	hold	12
level_1_halogen_cleared.webm	17.16	17.24	1	motion	2
level_1_halogen_cleared.webm	19.96	20.44	1	hold	12
level_1_halogen_cleared.webm	20.44	20.56	1	motion	3
level_1_halogen_cleared.webm	23.2	23.68	1	hold	12
level_1_halogen_cleared.webm	23.68	23.76	1	motion	2
level_1_halogen_cleared.webm	25.12	25.6	1	hold	12
level_1_halogen_cleared.webm	25.6	25.68	1	motion	2
level_1_halogen_cleared.webm	26.44	26.92	1	hold	12
level_1_halogen_cleared.webm	26.92	27	1	motion	2
level_1_halogen_cleared.webm	29.76	30.24	1	hold	12
level_1_halogen_cleared.webm	30.24	30.32	1	motion	2
level_1_halogen_cleared.webm	33.16	33.64	1	hold	12
level_1_halogen_cleared.webm	33.64	33.72	1	motion	2
level_1_halogen_cleared.webm	36.64	37.12	1	hold	12
level_1_halogen_cleared.webm	37.12	37.2	1	motion	2
level_1_halogen_cleared.webm	40.04	40.52	1	hold	12
level_1_halogen_cleared.webm	40.52	40.6	1	motion	2
level_1_halogen_cleared.webm	43.44	43.92	1	hold	12
level_1_halogen_cleared.webm	43.92	44	1	motion	2
level_1_halogen_cleared.webm	46.84	47.32	1	hold	12
level_1_halogen_cleared.webm	47.32	47.4	1	motion	2
level_1_halogen_cleared.webm	50.24	50.72	1	hold	12
level_1_halogen_cleared.webm	50.72	50.76	1	motion	1
level_1_halogen_cleared.webm	54.16	54.64	1	hold	12
level_1_halogen_cleared.webm	54.64	54.76	1	motion	3
level_1_halogen_cleared.webm	57.76	58.24	1	hold	12
level_1_halogen_cleared.webm	58.24	58.32	1	motion	2
level_1_halogen_cleared.webm	61.32	61.8	1	hold	12
level_1_halogen_cleared.webm	61.8	61.84	1	motion	1
level_1_halogen_cleared.webm	64.8	65.28	1	hold	12
level_1_halogen_cleared.webm	65.28	65.36	1	motion	2
level_1_halogen_cleared.webm	68.32	68.8	1	hold	12
level_1_halogen_cleared.webm	68.8	68.88	1	motion	2
level_1_halogen_cleared.webm	71.52	72	1	hold	12
level_1_halogen_cleared.webm	72	72.08	1	motion	2
level_1_halogen_cleared.webm	74.84	75.32	1	hold	12
level_1_halogen_cleared.webm	75.32	75.44	1	motion	3
level_1_halogen_cleared.webm	78	78.48	1	hold	12
level_1_halogen_cleared.webm	78.48	78.56	1	motion	2
level_1_halogen_cleared.webm	81.16	81.64	1	hold	12
level_1_halogen_cleared.webm	81.64	81.72	1	motion	2
level_1_halogen_cleared.webm	84.4	84.88	1	hold	12
level_1_halogen_cleared.webm	84.88	84.96	1	motion	2
level_1_halogen_cleared.webm	87.64	88.12	1	hold	12
level_1_halogen_cleared.webm	88.12	88.2	1	motion	2
level_1_halogen_cleared.webm	90.84	91.32	1	hold	12
level_1_halogen_cleared.webm	91.32	91.44	1	motion	3
level_1_halogen_cleared.webm	94.04	94.52	1	hold	12
level_1_halogen_cleared.webm	94.52	94.56	1	motion	1
level_1_halogen_cleared.webm	97.28	97.76	1	hold	12
level_1_halogen_cleared.webm	97.76	97.88	1	motion	3
level_1_halogen_cleared.webm	100.88	101.36	1	hold	12
level_1_halogen_cleared.webm	101.36	101.48	1	motion	3
level_1_halogen_cleared.webm	104.2	104.68	1	hold	12
level_1_halogen_cleared.webm	104.68	104.72	1	motion	1
level_1_halogen_cleared.webm	107.44	107.92	1	hold	12
level_1_halogen_cleared.webm	107.92	107.96	1	motion	1
level_1_halogen_cleared.webm	111	111.48	1	hold	12
level_1_halogen_cleared.webm	111.48	111.64	1	motion	4
level_1_halogen_cleared.webm	114.28	114.76	1	hold	12
level_1_halogen_cleared.webm	114.76	114.84	1	motion	2
level_1_halogen_cleared.webm	117.56	118.04	1	hold	12
level_1_halogen_cleared.webm	118.04	118.12	1	motion	2
level_1_halogen_cleared.webm	121.12	121.6	1	hold	12
level_1_halogen_cleared.webm	121.6	121.72	1	motion	3
level_1_halogen_cleared.webm	124.4	124.88	1	hold	12
level_1_halogen_cleared.webm	124.88	124.96	1	motion	2
level_1_halogen_cleared.webm	127.68	128.16	1	hold	12
level_1_halogen_cleared.webm	128.16	128.24	1	motion	2
level_1_halogen_cleared.webm	131.4	131.88	1	hold	12
level_1_halogen_cleared.webm	131.88	131.92	1	motion	1
level_1_halogen_cleared.webm	134.56	135.04	1	hold	12
level_1_halogen_cleared.webm	135.04	135.12	1	motion	2
level_1_halogen_cleared.webm	137.76	138.24	1	hold	12
level_1_halogen_cleared.webm	138.24	138.28	1	motion	1
level_1_halogen_cleared.webm	141.04	141.52	1	hold	12
level_1_halogen_cleared.webm	141.52	141.56	1	motion	1
level_1_halogen_cleared.webm	144.4	144.88	1	hold	12
level_1_halogen_cleared.webm	144.88	144.96	1	motion	2
level_1_halogen_cleared.webm	147.68	148.16	1	hold	12
level_1_halogen_cleared.webm	148.16	148.24	1	motion	2
level_1_halogen_cleared.webm	151.16	151.64	1	hold	12
level_1_halogen_cleared.webm	151.64	151.68	1	motion	1
level_1_halogen_cleared.webm	154.52	155	1	hold	12
level_1_halogen_cleared.webm	155	155.08	1	motion	2
level_1_halogen_cleared.webm	157.92	158.4	1	hold	12
level_1_halogen_cleared.webm	158.4	158.48	1	motion	2
level_1_halogen_cleared.webm	161.48	161.96	1	hold	12
level_1_halogen_cleared.webm	161.96	162.04	1	motion	2
level_1_halogen_cleared.webm	164.72	165.2	1	hold	12
level_1_halogen_cleared.webm	165.2	165.32	1	motion	3
level_1_halogen_cleared.webm	168.44	168.92	1	hold	12
level_1_halogen_cleared.webm	168.92	169.08	1	motion	4
level_1_halogen_cleared.webm	171.76	172.24	1	hold	12
level_1_halogen_cleared.webm	172.24	172.32	1	motion	2
level_1_halogen_cleared.webm	175.08	175.56	1	hold	12
level_1_halogen_cleared.webm	175.56	175.6	1	motion	1
level_1_halogen_cleared.webm	178.32	178.8	1	hold	12
level_1_halogen_cleared.webm	178.8	178.88	1	motion	2
level_1_halogen_cleared.webm	181.68	182.16	1	hold	12
level_1_halogen_cleared.webm	182.16	182.32	1	motion	4
level_1_halogen_cleared.webm	185.08	185.56	1	hold	12
level_1_halogen_cleared.webm	185.56	185.64	1	motion	2
level_1_halogen_cleared.webm	188.44	188.92	1	hold	12
level_1_halogen_cleared.webm	188.92	189	1	motion	2
level_1_halogen_cleared.webm	191.72	192.2	1	hold	12
level_1_halogen_cleared.webm	192.2	192.28	1	motion	2
level_1_halogen_cleared.webm	194.96	195.44	1	hold	12
level_1_halogen_cleared.webm	195.44	195.48	1	motion	1
level_1_halogen_cleared.webm	198.28	198.76	1	hold	12
level_1_halogen_cleared.webm	198.76	198.8	1	motion	1
level_1_halogen_cleared.webm	199.88	200.36	1	hold	12
level_1_halogen_cleared.webm	200.36	200.44	1	motion	2
level_1_halogen_cleared.webm	201.52	202	1	hold	12
level_1_halogen_cleared.webm	202	202.04	1	motion	1
level_1_halogen_cleared.webm	203.28	203.76	1	hold	12
level_1_halogen_cleared.webm	203.76	203.8	1	motion	1
level_1_halogen_cleared.webm	205	205.48	1	hold	12
level_1_halogen_cleared.webm	205.48	205.56	1	motion	2
level_1_halogen_cleared.webm	206.76	207.24	1	hold	12
level_1_halogen_cleared.webm	207.24	207.28	1	motion	1
level_1_halogen_cleared.webm	208.52	209	1	hold	12
level_1_halogen_cleared.webm	209	209.08	1	motion	2
level_1_halogen_cleared.webm	210.32	210.8	1	hold	12
level_1_halogen_cleared.webm	210.8	210.88	1	motion	2
level_1_halogen_cleared.webm	212.2	212.68	1	hold	12
level_1_halogen_cleared.webm	212.68	212.72	1	motion	1
level_1_halogen_cleared.webm	214	214.48	1	hold	12
level_1_halogen_cleared.webm	214.48	214.56	1	motion	2
level_1_halogen_cleared.webm	215.8	216.28	1	hold	12
level_1_halogen_cleared.webm	216.28	216.4	1	motion	3
level_1_halogen_cleared.webm	217.6	218.08	1	hold	12
level_1_halogen_cleared.webm	218.08	218.16	1	motion	2
level_1_halogen_cleared.webm	219.44	219.92	1	hold	12
level_1_halogen_cleared.webm	219.92	220	1	motion	2
level_1_halogen_cleared.webm	221.28	221.76	1	hold	12
level_1_halogen_cleared.webm	221.76	221.8	1	motion	1
level_1_halogen_cleared.webm	223.04	223.52	1	hold	12
level_1_halogen_cleared.webm	223.52	223.6	1	motion	2
level_1_halogen_cleared.webm	224.84	225.32	1	hold	12
level_1_halogen_cleared.webm	225.32	225.4	1	motion	2
level_1_halogen_cleared.webm	226.56	227.04	1	hold	12
level_1_halogen_cleared.webm	227.04	227.08	1	motion	1
level_1_halogen_cleared.webm	228.56	229.04	1	hold	12
level_2_halogen_cleared.webm	0	0.04	1	hold	1
level_2_halogen_cleared.webm	0.04	0.08	1	motion	1
level_2_halogen_cleared.webm	0.08	0.32	1	hold	6
level_2_halogen_cleared.webm	0.32	0.4	1	motion	2
level_2_halogen_cleared.webm	2.68	3.16	1	hold	12
level_2_halogen_cleared.webm	3.16	3.28	1	motion	3
level_2_halogen_cleared.webm	4.64	5.12	1	hold	12
level_2_halogen_cleared.webm	5.12	5.2	1	motion	2
level_2_halogen_cleared.webm	5.8	6.28	1	hold	12
level_2_halogen_cleared.webm	6.28	6.36	1	motion	2
level_2_halogen_cleared.webm	9.12	9.6	1	hold	12
level_2_halogen_cleared.webm	9.6	9.72	1	motion	3
level_2_halogen_cleared.webm	9.76	10.24	1	hold	12
level_2_halogen_cleared.webm	10.24	10.32	1	motion	2
level_2_halogen_cleared.webm	12.56	13.04	1	hold	12
level_2_halogen_cleared.webm	13.04	13.12	1	motion	2
level_2_halogen_cleared.webm	14.88	15.36	1	hold	12
level_2_halogen_cleared.webm	15.36	15.44	1	motion	2
level_2_halogen_cleared.webm	16	16.48	1	hold	12
level_2_halogen_cleared.webm	16.48	16.56	1	motion	2
level_2_halogen_cleared.webm	19.28	19.76	1	hold	12
level_2_halogen_cleared.webm	19.76	19.88	1	motion	3
level_2_halogen_cleared.webm	20	20.48	1	hold	12
level_2_halogen_cleared.webm	20.48	20.56	1	motion	2
level_2_halogen_cleared.webm	22.76	23.24	1	hold	12
level_2_halogen_cleared.webm	23.24	23.32	1	motion	2
level_2_halogen_cleared.webm	26.08	26.56	1	hold	12
level_2_halogen_cleared.webm	26.56	26.64	1	motion	2
level_2_halogen_cleared.webm	29.36	29.84	1	hold	12
level_2_halogen_cleared.webm	29.84	30	1	motion	4
level_2_halogen_cleared.webm	32.8	33.28	1	hold	12
level_2_halogen_cleared.webm	33.28	33.36	1	motion	2
level_2_halogen_cleared.webm	36.24	36.72	1	hold	12
level_2_halogen_cleared.webm	36.72	36.84	1	motion	3
level_2_halogen_cleared.webm	39.6	40.08	1	hold	12
level_2_halogen_cleared.webm	40.08	40.2	1	motion	3
level_2_halogen_cleared.webm	43.04	43.52	1	hold	12
level_2_halogen_cleared.webm	43.52	43.6	1	motion	2
level_2_halogen_cleared.webm	46.32	46.8	1	hold	12
level_2_halogen_cleared.webm	46.8	46.92	1	motion	3
level_2_halogen_cleared.webm	49.76	50.24	1	hold	12
level_2_halogen_cleared.webm	50.24	50.32	1	motion	2
level_2_halogen_cleared.webm	53.04	53.52	1	hold	12
level_2_halogen_cleared.webm	53.52	53.68	1	motion	4
level_2_halogen_cleared.webm	56.64	57.12	1	hold	12
level_2_halogen_cleared.webm	57.12	57.2	1	motion	2
level_2_halogen_cleared.webm	59.92	60.4	1	hold	12
level_2_halogen_cleared.webm	60.4	60.56	1	motion	4
level_2_halogen_cleared.webm	63.28	63.76	1	hold	12
level_2_halogen_cleared.webm	63.76	63.88	1	motion	3
level_2_halogen_cleared.webm	66.6	67.08	1	hold	12
level_2_halogen_cleared.webm	67.08	67.2	1	motion	3
level_2_halogen_cleared.webm	69.96	70.44	1	hold	12
level_2_halogen_cleared.webm	70.44	70.56	1	motion	3
level_2_halogen_cleared.webm	73.4	73.88	1	hold	12
level_2_halogen_cleared.webm	73.88	74	1	motion	3
level_2_halogen_cleared.webm	76.92	77.4	1	hold	12
level_2_halogen_cleared.webm	77.4	77.48	1	motion	2
level_2_halogen_cleared.webm	80.36	80.84	1	hold	12
level_2_halogen_cleared.webm	80.84	80.96	1	motion	3
level_2_halogen_cleared.webm	83.64	84.12	1	hold	12
level_2_halogen_cleared.webm	84.12	84.24	1	motion	3
level_2_halogen_cleared.webm	86.96	87.44	1	hold	12
level_2_halogen_cleared.webm	87.44	87.48	1	motion	1
level_2_halogen_cleared.webm	90.2	90.68	1	hold	12
level_2_halogen_cleared.webm	90.68	90.72	1	motion	1
level_2_halogen_cleared.webm	93.36	93.84	1	hold	12
level_2_halogen_cleared.webm	93.84	93.96	1	motion	3
level_2_halogen_cleared.webm	96.6	97.08	1	hold	12
level_2_halogen_cleared.webm	97.08	97.2	1	motion	3
level_2_halogen_cleared.webm	99.84	100.32	1	hold	12
level_2_halogen_cleared.webm	100.32	100.4	1	motion	2
level_2_halogen_cleared.webm	103.04	103.52	1	hold	12
level_2_halogen_cleared.webm	103.52	103.64	1	motion	3
level_2_halogen_cleared.webm	106.28	106.76	1	hold	12
level_2_halogen_cleared.webm	106.76	106.84	1	motion	2
level_2_halogen_cleared.webm	109.52	110	1	hold	12
level_2_halogen_cleared.webm	110	110.04	1	motion	1
level_2_halogen_cleared.webm	112.76	113.24	1	hold	12
level_2_halogen_cleared.webm	113.24	113.32	1	motion	2
level_2_halogen_cleared.webm	116	116.48	1	hold	12
level_2_halogen_cleared.webm	116.48	116.6	1	motion	3
level_2_halogen_cleared.webm	119.4	119.88	1	hold	12
level_2_halogen_cleared.webm	119.88	119.92	1	motion	1
level_2_halogen_cleared.webm	122.6	123.08	1	hold	12
level_2_halogen_cleared.webm	123.08	123.16	1	motion	2
level_2_halogen_cleared.webm	125.84	126.32	1	hold	12
level_2_halogen_cleared.webm	126.32	126.4	1	motion	2
level_2_halogen_cleared.webm	129.04	129.52	1	hold	12
level_2_halogen_cleared.webm	129.52	129.6	1	motion	2
level_2_halogen_cleared.webm	132.12	132.6	1	hold	12
level_2_halogen_cleared.webm	132.6	132.68	1	motion	2
level_2_halogen_cleared.webm	135.16	135.64	1	hold	12
level_2_halogen_cleared.webm	135.64	135.72	1	motion	2
level_2_halogen_cleared.webm	138.2	138.68	1	hold	12
level_2_halogen_cleared.webm	138.68	138.72	1	motion	1
level_2_halogen_cleared.webm	141.16	141.64	1	hold	12
level_2_halogen_cleared.webm	141.64	141.68	1	motion	1
level_2_halogen_cleared.webm	144.12	144.6	1	hold	12
level_2_halogen_cleared.webm	144.6	144.68	1	motion	2
level_2_halogen_cleared.webm	147.12	147.6	1	hold	12
level_2_halogen_cleared.webm	147.6	147.64	1	motion	1
level_2_halogen_cleared.webm	150.2	150.68	1	hold	12
level_2_halogen_cleared.webm	150.68	150.76	1	motion	2
level_2_halogen_cleared.webm	153.4	153.88	1	hold	12
level_2_halogen_cleared.webm	153.88	153.92	1	motion	1
level_2_halogen_cleared.webm	156.48	156.96	1	hold	12
level_2_halogen_cleared.webm	156.96	157.04	1	motion	2
level_2_halogen_cleared.webm	159.52	160	1	hold	12
level_2_halogen_cleared.webm	160	160.08	1	motion	2
level_2_halogen_cleared.webm	162.6	163.08	1	hold	12
level_2_halogen_cleared.webm	163.08	163.16	1	motion	2
level_2_halogen_cleared.webm	165.68	166.16	1	hold	12
level_2_halogen_cleared.webm	166.16	166.2	1	motion	1
level_2_halogen_cleared.webm	168.8	169.28	1	hold	12
level_2_halogen_cleared.webm	169.28	169.36	1	motion	2
level_2_halogen_cleared.webm	171.96	172.44	1	hold	12
level_2_halogen_cleared.webm	172.44	172.48	1	motion	1
level_2_halogen_cleared.webm	175.04	175.52	1	hold	12
level_2_halogen_cleared.webm	175.52	175.6	1	motion	2
level_2_halogen_cleared.webm	178.16	178.64	1	hold	12
level_2_halogen_cleared.webm	178.64	178.72	1	motion	2
level_2_halogen_cleared.webm	181.24	181.72	1	hold	12
level_2_halogen_cleared.webm	181.72	181.8	1	motion	2
level_2_halogen_cleared.webm	184.4	184.88	1	hold	12
level_2_halogen_cleared.webm	184.88	184.92	1	motion	1
level_2_halogen_cleared.webm	187.56	188.04	1	hold	12
level_2_halogen_cleared.webm	188.04	188.12	1	motion	2
level_2_halogen_cleared.webm	190.72	191.2	1	hold	12
level_2_halogen_cleared.webm	191.2	191.28	1	motion	2
level_2_halogen_cleared.webm	193.92	194.4	1	hold	12
level_2_halogen_cleared.webm	194.4	194.44	1	motion	1
level_2_halogen_cleared.webm	195.6	196.08	1	hold	12
level_2_halogen_cleared.webm	196.08	196.16	1	motion	2
level_2_halogen_cleared.webm	197.2	197.68	1	hold	12
level_2_halogen_cleared.webm	197.68	197.8	1	motion	3
level_2_halogen_cleared.webm	198.88	199.36	1	hold	12
level_2_halogen_cleared.webm	199.36	199.4	1	motion	1
level_2_halogen_cleared.webm	200.56	201.04	1	hold	12
level_2_halogen_cleared.webm	201.04	201.12	1	motion	2
level_2_halogen_cleared.webm	202.2	202.68	1	hold	12
level_2_halogen_cleared.webm	202.68	202.76	1	motion	2
level_2_halogen_cleared.webm	203.92	204.4	1	hold	12
level_2_halogen_cleared.webm	204.4	204.48	1	motion	2
level_2_halogen_cleared.webm	205.6	206.08	1	hold	12
level_2_halogen_cleared.webm	206.08	206.12	1	motion	1
level_2_halogen_cleared.webm	207.28	207.76	1	hold	12
level_2_halogen_cleared.webm	207.76	207.84	1	motion	2
level_2_halogen_cleared.webm	209	209.48	1	hold	12
level_2_halogen_cleared.webm	209.48	209.56	1	motion	2
level_2_halogen_cleared.webm	210.72	211.2	1	hold	12
level_2_halogen_cleared.webm	211.2	211.28	1	motion	2
level_2_halogen_cleared.webm	212.44	212.92	1	hold	12
level_2_halogen_cleared.webm	212.92	213.04	1	motion	3
level_2_halogen_cleared.webm	214.16	214.64	1	hold	12
level_2_halogen_cleared.webm	214.64	214.72	1	motion	2
level_2_halogen_cleared.webm	215.92	216.4	1	hold	12
level_2_halogen_cleared.webm	216.4	216.44	1	motion	1
level_2_halogen_cleared.webm	217.48	217.96	1	hold	12
level_2_halogen_cleared.webm	217.96	218.04	1	motion	2
level_2_halogen_cleared.webm	219.12	219.6	1	hold	12
level_2_halogen_cleared.webm	219.6	219.64	1	motion	1
level_2_halogen_cleared.webm	220.76	221.24	1	hold	12
level_2_halogen_cleared.webm	221.24	221.32	1	motion	2
level_2_halogen_cleared.webm	222.32	222.8	1	hold	12
level_2_halogen_cleared.webm	222.8	222.84	1	motion	1
level_2_halogen_cleared.webm	223.88	224.36	1	hold	12
level_2_halogen_cleared.webm	224.36	224.44	1	motion	2
level_2_halogen_cleared.webm	225.44	225.92	1	hold	12
level_2_halogen_cleared.webm	225.92	226	1	motion	2
level_2_halogen_cleared.webm	227	227.48	1	hold	12
level_2_halogen_cleared.webm	227.48	227.52	1	motion	1
level_2_halogen_cleared.webm	228.56	229.04	1	hold	12
level_2_halogen_cleared.webm	229.04	229.08	1	motion	1
level_2_halogen_cleared.webm	230.16	230.64	1	hold	12
level_2_halogen_cleared.webm	230.64	230.68	1	motion	1
level_2_halogen_cleared.webm	231.84	232.32	1	hold	12
level_2_halogen_cleared.webm	232.32	232.36	1	motion	1
level_2_halogen_cleared.webm	235.08	235.56	1	hold	12
